Country Name,Country Code,Year,Undernourishment,CO2,Health,Y,Educ,Unemployment,Corruption,Injuries,Communicable,NonCommunicable,log_Injuries,log_Communicable,log_NonCommunicable,log_CO2
Benin,BEN,2005,12.0,2900.00009536743,2.93478322,57.355,2.6566801071167,0.824999988079071,3.5,313691.95,4334552.55,1313241.95,5.496503373924276,6.636944272493766,6.118344747315394,3.462398012180869
Burkina Faso,BFA,2005,17.5,1059.99994277954,3.95109105,53.31,3.94113993644714,4.0,3.5,591426.25,10011584.28,2660480.48,5.771900596445004,7.000502807711013,6.424960076844885,3.0253058418208734
Central African Republic,CAF,2005,39.6,219.999998807907,4.36732149,44.744,1.65222001075745,5.69500017166138,2.5,310132.64,3766393.86,805165.65,5.491547476091946,6.575925733174202,5.90588523872821,2.342422678468936
Cameroon,CMR,2005,15.9,5019.99998092651,4.09544468,52.76,2.65651988983154,4.40000009536743,2.5,706338.0,10894276.03,2906555.32,5.849012571317542,7.037198374864701,6.4633785932281045,3.7007037154949174
Ethiopia,ETH,2005,37.1,5050.00019073486,4.10098124,56.223,7.42208003997803,2.5,2.5,3104046.1,40790843.51,11007525.3,6.491928162594831,7.6105626861445215,7.041689692327136,3.7032913945216506
Ghana,GHA,2005,11.2,7039.99996185303,3.64265633,58.719,7.42208003997803,5.61899995803833,3.5,689437.77,8669563.55,3585007.12,5.838495072012538,6.9379972344314895,6.554490022534821,3.8475726567888424
Kenya,KEN,2005,28.5,8319.99969482422,5.31436443,54.732,7.3356499671936,2.92400002479553,3.0,948916.52,16008150.7,4450879.6,5.977228007476769,7.204341164075829,6.648445846413988,3.9201233103608972
Lesotho,LSO,2005,13.7,430.000007152557,5.44926691,42.658,12.0796604156494,31.3099994659424,3.5,150238.58,1587788.28,397447.7,5.176781470149147,6.2007925919463736,5.599279988097457,2.6334684628035774
Madagascar,MDG,2005,33.4,1710.00003814697,5.20261955,61.212,3.3096399307251,2.61999988555908,3.5,501460.34,7259330.43,2955506.1,5.700236590795613,6.8608965650573275,6.470631860045456,3.2329961200804687
Mali,MLI,2005,13.3,1649.99997615814,5.19515705,52.057,3.52218008041382,9.68900012969971,3.5,559210.25,10106599.71,2255837.98,5.747575123176899,7.00460506502988,6.353307904301211,3.2174839379385194
Mozambique,MOZ,2005,33.3,1710.00003814697,4.39079046,50.387,4.00578022003174,3.01500010490417,3.0,758310.49,14977648.67,3077260.34,5.87984706379034,7.175443639144738,6.488164239647718,3.2329961200804687
Mauritania,MRT,2005,9.4,1509.99999046326,3.40313458,61.349,4.06443023681641,9.79199981689453,2.5,109696.6,903726.12,416894.07,5.040193167008425,5.956036834685163,5.620025717662652,3.1789769445502865
Malawi,MWI,2005,22.5,759.999990463257,6.05505085,47.844,4.06443023681641,5.84299993515015,3.0,387049.3,9646018.59,1988341.65,5.587766286347893,6.984348094567684,6.29849100982059,2.8808135868311138
Rwanda,RWA,2005,35.3,550.000011920929,8.77702618,55.254,4.06443023681641,0.96399998664856,3.0,481357.84,4075211.69,1448670.72,5.682468049675668,6.610150173422252,6.160969682408311,2.7403626989073233
Senegal,SEN,2005,18.1,5670.00007629395,3.67466164,60.62,4.06443023681641,8.89599990844727,3.0,322491.07,4130506.23,1764214.15,5.5085176932242526,6.6160032815408,6.246551301044323,3.753583064736653
Sierra Leone,SLE,2005,46.7,449.999988079071,11.03772926,44.502,2.7969799041748,3.54699993133545,2.5,253447.1,4215134.36,1081435.51,5.403887326290519,6.624811422585098,6.034000625960759,2.6532125022704687
Chad,TCD,2005,37.8,479.999989271164,4.84111404,48.549,1.69476997852325,0.871999979019165,2.0,461705.69,8179869.0,1633792.09,5.664365226772009,6.912746348532852,6.213196789093135,2.681241227668349
Togo,TGO,2005,27.7,1750.0,3.30243444,54.602,3.15978002548218,4.21799993515015,2.0,237367.78,2931127.4,838432.01,5.375421768039559,6.467034695243127,5.923467850628426,3.2430380486862944
Tanzania,TZA,2005,28.4,5659.99984741211,6.32282591,54.349,3.54625010490417,3.2260000705719,3.5,1180760.48,21557410.37,6227868.62,6.072161808905499,7.33359658909505,6.794339442333646,3.7528164194801303
Benin,BEN,2006,11.0,3470.00002861023,2.97331023,57.817,2.56340003013611,0.860000014305115,3.5,321592.71,4380012.24,1347798.26,5.507306195416411,6.641475324147257,6.129624891364303,3.5403294783716417
Burkina Faso,BFA,2006,17.1,1240.00000953674,4.51446247,54.063,3.98218989372253,3.65499997138977,3.0,609139.19,9932127.32,2717108.81,5.784716541470275,6.997042278141792,6.4341070306285495,3.093421688502359
Central African Republic,CAF,2006,37.7,230.000004172325,4.44105434,45.158,1.41506004333496,5.65899991989136,2.5,341076.46,3740319.7,827671.85,5.532851746833709,6.572908724663561,5.917858184632746,2.3617278438959306
Cameroon,CMR,2006,14.1,5090.00015258789,4.02897263,53.215,2.53991007804871,3.73099994659424,2.5,731705.92,10973089.0,3004029.9,5.864336568786205,7.040328901668706,6.477704251015348,3.7067177953560275
Ethiopia,ETH,2006,35.6,5400.00009536743,4.45757294,57.334,5.49096012115479,2.47000002861023,2.5,3121041.71,39064031.86,11025848.3,6.494299572671036,7.5917770654798495,7.042412012909609,3.732393767492885
Ghana,GHA,2006,10.6,8510.00022888184,3.68296194,59.234,5.25982999801636,4.6399998664856,4.0,709612.71,8693272.74,3679326.51,5.851021385619373,6.939183305257166,6.565768329608578,3.929929571765213
Kenya,KEN,2006,26.1,9300.00019073486,5.87344933,56.093,7.04983997344971,2.90700006484985,3.0,992344.83,15420186.15,4604534.26,5.996662611411749,7.188089616479519,6.663185708682447,3.968482957460935
Lesotho,LSO,2006,12.8,430.000007152557,6.11966419,42.595,11.2712802886963,30.4619998931885,3.5,152329.04,1552646.71,400777.15,5.182782705105648,6.19107264738846,5.602902952600207,2.6334684628035774
Madagascar,MDG,2006,31.0,1639.99998569489,5.07627583,61.65,2.83097004890442,2.93899989128113,3.5,495679.31,7230205.02,2996523.06,5.695200791528997,6.859150612341871,6.476617624195767,3.2148438442595086
Mali,MLI,2006,11.9,1889.99998569489,5.45588827,52.839,3.87146997451782,10.6990003585815,3.5,584696.32,10150284.91,2316706.22,5.766930360454826,7.006478232702853,6.364870964682438,3.276461800886138
Mozambique,MOZ,2006,32.4,1860.00001430511,4.10098362,50.641,3.87146997451782,3.03900003433228,3.0,827168.52,14650808.64,3264524.15,5.917593997884247,7.165861595898176,6.513819885736605,3.2695129475580402
Mauritania,MRT,2006,8.8,1730.00001907349,2.70253325,61.552,1.95851004123688,9.73200035095215,2.5,107522.57,866695.78,427071.51,5.031499636322469,5.937866681959988,5.630500600547676,3.2380461079169525
Malawi,MWI,2006,20.8,779.999971389771,6.91642094,49.118,3.82137989997864,5.84899997711182,3.0,381804.76,9198568.76,1998108.87,5.581841338486269,6.96372025908591,6.300619147729861,2.8920945867606536
Rwanda,RWA,2006,33.7,550.000011920929,7.58474445,57.083,3.82137989997864,0.986000001430511,3.0,472086.44,3686469.48,1449106.29,5.674021526129728,6.566610642763068,6.161100241556413,2.7403626989073233
Senegal,SEN,2006,16.5,5570.00017166138,3.76337719,61.365,3.82137989997864,10.0299997329712,3.0,326343.55,4042473.64,1771215.51,5.5136750335262805,6.60664719665763,6.2482714065370875,3.7458552085582153
Sierra Leone,SLE,2006,43.7,589.999973773956,10.39398956,45.517,3.43500995635986,3.67199993133545,2.5,257917.45,4187974.75,1104926.08,5.411480726326906,6.622004054580652,6.043333224517119,2.7708519923373536
Chad,TCD,2006,38.4,509.999990463257,4.86643219,48.907,3.43500995635986,0.910000026226044,2.0,624564.1,8200293.8,1685301.89,5.795577017326164,6.913829412558473,6.226677707829064,2.7075701679768485
Togo,TGO,2006,27.2,1570.00005245209,3.44604039,55.052,3.43500995635986,4.23000001907349,2.0,205678.3,2927679.32,858423.74,5.313188474060366,6.466523505042931,5.933701719685334,3.195899666918567
Tanzania,TZA,2006,25.9,6050.00019073486,7.59827995,55.119,3.00991988182068,3.29999995231628,3.5,1236697.2,20873666.83,6456703.85,6.0922633775054775,7.319598747299898,6.810010867053138,3.7817553883442203
Benin,BEN,2007,10.1,4000.0,2.8938241,58.255,2.36331009864807,0.894999980926514,3.5,324498.01,4427466.34,1379699.55,5.511212037812292,6.646155268132507,6.139784522645118,3.6020599913279625
Burkina Faso,BFA,2007,16.0,1409.9999666214,5.23372936,54.841,4.07983016967773,3.29999995231628,3.0,607261.11,10004922.88,2745668.87,5.78337546908039,7.0002137453540865,6.438648159775054,3.149219102374428
Central African Republic,CAF,2007,35.7,239.999994635582,4.7185154,45.636,1.31332004070282,5.60599994659424,2.5,349759.6,3726123.03,843435.05,5.543769643592196,6.5712571904335455,5.9260516447050495,2.380211232004368
Cameroon,CMR,2007,12.6,6130.00011444092,3.95940948,53.681,2.87815999984741,3.05999994277954,2.5,741309.26,11022110.27,3080169.1,5.869999425107287,7.042264751582662,6.488574559741016,3.7874604826262552
Ethiopia,ETH,2007,35.0,5960.00003814697,5.00128365,58.467,5.45112991333008,2.43499994277954,2.5,3082036.09,36988493.05,11102211.98,6.488837719910007,7.5680666380631365,7.045409515273393,3.7752462625199374
Ghana,GHA,2007,9.4,9119.99988555908,3.81368589,59.741,5.51986980438232,4.84299993515015,4.0,730461.34,8672212.31,3776452.79,5.863597235644762,6.938129901566634,6.577084059886981,3.9599948328787384
Kenya,KEN,2007,26.9,9369.99988555908,5.99706697,57.463,2.90274000167847,2.89100003242493,3.0,1033008.13,14713713.13,4753937.62,6.014103739525665,7.167722284445876,6.677053478724193,3.971739585583503
Lesotho,LSO,2007,12.4,439.999997615814,7.28075647,42.854,2.90274000167847,29.6229991912842,3.5,156931.67,1466694.16,404271.26,5.195710596348613,6.166339562737692,5.6066728680537725,2.6434526741329174
Madagascar,MDG,2007,30.5,1720.00002861023,4.49428749,62.079,2.90274000167847,3.26099991798401,3.5,507386.21,7184699.43,3051358.23,5.705338659570202,6.8564086042555115,6.484493196885112,3.2355284541315403
Mali,MLI,2007,10.4,2069.9999332428,5.25303316,53.553,3.98742008209229,11.710000038147,3.5,578778.65,10190666.42,2378772.62,5.762512502477748,7.008202585681109,6.376352931066794,3.3159703314509836
Mozambique,MOZ,2007,29.9,2230.00001907349,3.94103193,50.934,3.98742008209229,3.08500003814697,3.0,874601.98,14288511.74,3381488.08,5.941810456203557,7.154986995987239,6.529107860843323,3.34830486676274
Mauritania,MRT,2007,8.1,1990.00000953674,2.87644672,61.776,3.98742008209229,9.8769998550415,3.0,107033.34,850409.88,427353.1,5.029519077897259,5.929628297146186,5.630786858659054,3.29885307849099
Malawi,MWI,2007,19.3,829.999983310699,7.66315603,50.595,3.98742008209229,5.83699989318848,3.0,377955.8,8678765.6,1999379.94,5.577441014285684,6.938457958905581,6.300895330469553,2.9190780836434578
Rwanda,RWA,2007,32.3,579.999983310699,7.83395863,58.915,3.98742008209229,1.01199996471405,3.5,463996.19,3406660.53,1459393.37,5.666514414458395,6.532328858753336,6.164172368928464,2.7634279810662625
Senegal,SEN,2007,13.6,6199.99980926514,3.41496325,62.126,2.55851006507874,10.0839996337891,3.0,319157.96,3901608.35,1805966.42,5.504005680478079,6.591243672036822,6.256709670814539,3.792391676137754
Sierra Leone,SLE,2007,41.7,500.0,10.03516197,46.52,2.55851006507874,3.78800010681152,2.5,272984.03,4128718.05,1126324.99,5.436137240865861,6.615815225933528,6.051663719999554,2.6989700043360187
Chad,TCD,2007,39.2,500.0,4.34312963,49.335,3.51062989234924,0.925000011920929,2.0,504505.32,8200558.98,1750405.74,5.702865750224984,6.913843456488051,6.24313872881138,2.6989700043360187
Togo,TGO,2007,26.2,1500.0,3.86664653,55.581,3.51062989234924,3.80299997329712,2.0,214250.79,2938443.97,880980.18,5.330922431958168,6.468117414039081,5.944966137908691,3.1760912590556813
Tanzania,TZA,2007,25.7,5909.99984741211,6.8842783,55.926,4.03342008590698,3.02999997138977,3.5,1258273.87,19961897.5,6654043.83,6.099775177901645,7.300201821250528,6.823085657227792,3.771587469668382
Benin,BEN,2008,9.0,4019.99998092651,2.69675088,58.654,2.77728009223938,0.941999971866608,3.5,331130.83,4419450.69,1420557.98,5.519999617706315,6.645368292623495,6.152458964127371,3.604226051023895
Burkina Faso,BFA,2008,15.4,1700.00004768372,4.64780807,55.618,1.29000997543335,3.41300010681152,3.0,624545.07,9874194.19,2817647.31,5.795563784497217,6.99450166398298,6.449886630751057,3.230448933559907
Central African Republic,CAF,2008,33.3,170.000001788139,4.08699083,46.161,1.29000997543335,5.46999979019165,2.5,341555.83,3686621.06,856832.82,5.53346170268567,6.566628499686761,5.9328960932952155,2.230448925946385
Cameroon,CMR,2008,11.2,6389.9998664856,3.82291627,54.153,2.49827003479004,3.41199994087219,2.5,753524.97,10959045.14,3171403.2,5.877097648360715,7.039772715782071,6.501251460066629,3.805500849084133
Ethiopia,ETH,2008,33.5,6489.99977111816,4.28063917,59.581,5.40819978713989,2.40599989891052,2.5,3020285.75,35060164.26,11164764.8,6.480048033611942,7.544813946470968,7.047849578537053,3.812244681484172
Ghana,GHA,2008,8.2,8659.99984741211,3.89917445,60.216,5.75795984268188,4.99200010299683,4.0,722477.84,8607128.97,3835660.3,5.858824530856528,6.934858310522265,6.583840137505874,3.9375178843651435
Kenya,KEN,2008,26.6,9909.99984741211,6.04985189,58.76,12.3295202255249,2.91599988937378,3.0,1160267.93,14100254.18,4891703.56,6.064558288437668,7.149226941589879,6.689460130670653,3.9960736477982843
Lesotho,LSO,2008,12.3,460.00000834465,7.70154142,43.384,12.3295202255249,28.7600002288818,3.5,158249.14,1360606.55,409964.07,5.199341358536032,6.133732557336006,5.612745796025821,2.662757839559912
Madagascar,MDG,2008,30.4,1779.99997138977,4.10616875,62.509,2.55433988571167,3.58200001716614,3.5,524290.78,7115964.64,3151125.83,5.719572220425279,6.852233781360871,6.498465745663229,3.250419995328408
Mali,MLI,2008,9.4,2079.99992370605,5.04372358,54.193,3.403559923172,10.4940004348755,3.5,608940.37,10183254.81,2476700.94,5.784574766774279,7.0078866110161755,6.393873568980301,3.318063319032934
Mozambique,MOZ,2008,28.6,2240.00000953674,4.23261261,51.292,3.50408005714417,3.12899994850159,3.0,885984.58,14018887.41,3496987.45,5.947426163332663,7.146713547805316,6.543694073714584,3.3502480201831597
Mauritania,MRT,2008,7.3,1899.99997615814,3.01339459,62.015,3.50408005714417,9.87100028991699,2.5,103004.82,832367.65,429665.19,5.012857547524834,5.920315192996219,5.6331301700597605,3.278753595503151
Malawi,MWI,2008,19.0,959.999978542328,8.59821701,52.206,3.50408005714417,5.86100006103516,3.0,371367.59,8125653.0,2005475.11,5.569803999300534,6.9098582721618245,6.302217276311815,2.9822712233323303
Rwanda,RWA,2008,29.5,560.000002384186,7.5351038,60.612,3.50408005714417,1.02400004863739,3.5,450604.35,3241657.46,1465096.05,5.6537953799574465,6.510767121835345,6.165866097466645,2.7481880288551985
Senegal,SEN,2008,11.9,6440.00005722046,3.50687575,62.88,4.02568006515503,10.1330003738403,3.0,321085.94,3768005.67,1841615.71,5.506621288705384,6.576111547636726,6.265199011073515,3.8088858712185902
Sierra Leone,SLE,2008,40.3,519.999980926514,9.87387085,47.508,2.41317009925842,3.91899991035461,2.5,257011.4,4095875.88,1126564.54,5.409952387328531,6.612346787458048,6.051756077163229,2.7160033277049727
Chad,TCD,2008,40.1,540.000021457672,4.0595479,49.82,3.2853000164032,0.941999971866608,2.0,550541.32,8239160.1,1800557.28,5.740789919810145,6.915882941972997,6.255406941865166,2.73239377708028
Togo,TGO,2008,25.5,1570.00005245209,3.84063792,56.178,3.2853000164032,3.33500003814697,2.0,218187.25,2915004.77,914401.38,5.338829368541834,6.464639269758149,5.961136872818035,3.195899666918567
Tanzania,TZA,2008,25.9,6079.99992370605,5.55704832,56.777,4.18591022491455,2.76900005340576,3.0,1264044.59,19265916.12,6776601.32,6.101762394238601,7.284789665121721,6.831011936043279,3.783903573823057
Benin,BEN,2009,8.8,4420.00007629395,2.82528329,59.009,3.08927011489868,0.995000004768372,3.5,345471.5,4402031.35,1474479.6,5.53841222565157,6.643653131148616,6.168638768295943,3.645422276845481
Burkina Faso,BFA,2009,14.1,1730.00001907349,5.08159304,56.377,1.25458002090454,3.55900001525879,3.5,634729.56,9902639.48,2888787.63,5.80258872431986,6.995750968215208,6.460715615742004,3.2380461079169525
Central African Republic,CAF,2009,31.9,170.000001788139,4.81901073,46.719,1.25458002090454,5.48699998855591,2.5,362707.02,3649902.63,879031.95,5.55955596119874,6.56228127875298,5.944004660576075,2.230448925946385
Cameroon,CMR,2009,8.8,7030.00020980835,3.73933601,54.627,2.90790009498596,3.76699995994568,2.5,771630.5,10826338.15,3292491.62,5.887409385534716,7.034481587726923,6.517524678275465,3.846955337981219
Ethiopia,ETH,2009,28.5,6530.00020980835,4.64983416,60.645,4.42207002639771,2.38000011444092,2.5,3047373.39,33446873.58,11190496.84,6.483925670921561,7.52435552866853,7.0488493689305205,3.8149131952289186
Ghana,GHA,2009,6.6,10010.0002288818,4.42220068,60.645,5.31744003295898,5.21700000762939,4.0,731211.02,8504992.66,3925633.79,5.864042727978957,6.929673943142841,6.593909783190555,4.000434087409599
Kenya,KEN,2009,24.7,11710.000038147,6.02780342,59.932,2.82512998580933,2.8840000629425,3.0,1070799.72,13566824.61,5046911.37,6.029708248952632,7.1324782105388875,6.703025678052904,4.06855689648714
Lesotho,LSO,2009,11.9,529.999971389771,8.99738979,44.146,2.82512998580933,28.0249996185303,3.5,159963.95,1273532.85,412022.31,5.204022119655178,6.10501015180433,5.61492073265344,2.724275846156893
Madagascar,MDG,2009,29.7,1690.00005722046,4.41676188,62.944,2.82512998580933,3.97499990463257,2.5,539464.12,7098257.26,3234177.99,5.731962564859155,6.851151735300917,6.509763917223977,3.227886719318129
Mali,MLI,2009,7.4,2509.99999046326,5.22657919,54.756,3.86904001235962,9.28699970245361,3.5,631624.62,10192848.16,2562387.48,5.800459049964747,7.008295554697109,6.408644803668489,3.399673719830937
Mozambique,MOZ,2009,25.8,2490.00000953674,5.21038246,51.738,4.92073011398315,3.17499995231628,3.0,890243.34,14006878.14,3579384.73,5.949508733357728,7.146341350299945,6.553808381020929,3.396199348759091
Mauritania,MRT,2009,7.8,2349.99990463257,3.11034536,62.266,4.92073011398315,9.87399959564209,2.5,105346.36,804285.46,443215.18,5.0226195341612545,5.9054102175290435,5.646614626443606,3.3710678446472473
Malawi,MWI,2009,17.1,980.000019073486,8.26966286,53.888,4.92073011398315,5.87200021743774,3.0,382374.15,7577334.05,2055236.52,5.582488524577318,6.879516433728742,6.31286180841164,2.9912260841450555
Rwanda,RWA,2009,29.9,589.999973773956,7.77558613,62.129,4.92073011398315,1.05999994277954,3.5,549737.49,3008348.19,1450920.95,5.74015535520284,6.478328100617841,6.161643751573505,2.7708519923373536
Senegal,SEN,2009,11.0,6670.00007629395,3.84157085,63.607,4.92073011398315,10.2110004425049,3.0,326440.72,3653873.89,1894866.64,5.513804327067984,6.562753554012072,6.277578649897672,3.8241258388841715
Sierra Leone,SLE,2009,34.9,519.999980926514,11.09847832,48.468,2.7781400680542,4.04899978637695,3.0,273162.17,4016372.81,1142794.92,5.436420554094992,6.603834018332965,6.057968301170916,2.7160033277049727
Chad,TCD,2009,35.7,790.000021457672,4.44166517,50.346,2.31173992156982,0.958999991416931,2.0,498366.08,8264334.0,1852401.46,5.697548475524834,6.917207860717005,6.267735114618171,2.897627103086579
Togo,TGO,2009,23.0,2819.9999332428,4.07617235,56.818,3.86788010597229,2.88299989700317,2.0,227044.31,2848275.56,947402.74,5.35611062243797,6.4545820033630745,5.976534636424406,3.4502490980384093
Tanzania,TZA,2009,26.7,5929.99982833862,5.0630641,57.666,3.96076011657715,2.5,3.0,1314777.36,18661267.73,6984309.68,6.118852217076969,7.270941143667825,6.844123487474927,3.773054680792325
Benin,BEN,2010,8.2,4829.99992370605,2.99710441,59.318,3.67997002601624,1.03999996185303,3.5,358838.81,4407049.57,1529753.16,5.554899407776013,6.644147935433086,6.184621358988572,3.6839471238914623
Burkina Faso,BFA,2010,13.3,2289.99996185303,5.2395854,57.096,3.50222992897034,3.64499998092651,3.5,664795.35,9908386.92,2997249.18,5.8226879730558325,6.996002957334468,6.476722850052911,3.359835475105382
Central African Republic,CAF,2010,30.3,170.000001788139,3.8270402,47.312,1.11760997772217,5.66599988937378,2.5,376495.66,3632631.56,908155.73,5.575759974297902,6.560221351737411,5.9581603274644,2.230448925946385
Cameroon,CMR,2010,7.1,7010.00022888184,3.75891471,55.101,2.84803009033203,4.1100001335144,2.5,810727.96,10651070.45,3427699.31,5.908875151016934,7.027393257273934,6.535002717062299,3.845718032146704
Ethiopia,ETH,2010,24.7,6469.99979019165,5.46637249,61.627,4.49659013748169,2.33899998664856,2.5,2922804.32,31853490.97,11192274.62,6.465799740575046,7.503157035601535,7.04891835771031,3.810904266585453
Ghana,GHA,2010,6.1,11189.9995803833,4.25117254,61.03,5.54059982299805,5.38000011444092,4.0,741245.03,8350244.97,4016839.41,5.8699617944656595,6.921699216508591,6.603884469335612,4.048830070242629
Kenya,KEN,2010,22.2,12640.0003433228,6.11675262,60.959,4.81548976898193,2.83899998664856,3.0,1087597.04,13018387.28,5224568.63,6.036468016942848,7.114557187091036,6.718050438449228,4.101747085742505
Lesotho,LSO,2010,11.6,550.000011920929,8.41961861,45.1,2.75,27.0790004730225,3.5,162722.92,1216618.77,418187.33,5.211448728895465,6.085154512475863,5.621370870675721,2.7403626989073233
Madagascar,MDG,2010,28.2,1870.00000476837,4.65100336,63.388,2.75,4.28000020980835,2.5,535392.1,7090977.06,3291985.37,5.728671958648225,6.85070608039195,6.517457896484829,3.27184160764392
Mali,MLI,2010,5.8,2779.99997138977,4.67865038,55.251,3.34388995170593,8.06999969482422,3.5,631314.28,10248188.83,2618578.83,5.800245612953302,7.010647118987946,6.41806565248562,3.4440447914485564
Mozambique,MOZ,2010,24.1,2680.0000667572,5.44726419,52.31,5.95292997360229,3.21700000762939,3.0,898338.51,14018851.69,3658618.25,5.9534400174279085,7.146712441225443,6.563317096404412,3.4281348048468048
Mauritania,MRT,2010,8.2,2400.00009536743,2.63619399,62.527,3.53979992866516,9.86200046539307,2.5,103656.12,792053.19,445700.41,5.015594948530846,5.89875434743272,5.649043033594042,3.3802112589689175
Malawi,MWI,2010,15.5,889.999985694885,7.24138308,55.564,3.53979992866516,5.89400005340576,3.0,392139.91,7074948.69,2114559.41,5.593441044826925,6.849723294552417,6.3252198914563,2.949389999664427
Rwanda,RWA,2010,31.4,600.000023841858,8.05313301,63.433,4.63384008407593,1.07799994945526,3.5,442415.94,2862099.89,1481781.05,5.6458307659669185,6.4566847869774815,6.170784036435691,2.7781512676409554
Senegal,SEN,2010,11.3,7030.00020980835,4.02764177,64.284,5.21774005889893,10.2639999389648,3.0,296715.82,3716347.24,1830704.3,5.472340702216883,6.570116285884147,6.262618201620553,3.846955337981219
Sierra Leone,SLE,2010,29.1,560.000002384186,10.94338036,49.382,2.58863997459412,4.17000007629395,3.0,267320.0,3911711.83,1178263.76,5.427031452451656,6.5923668534646005,6.071242520239165,2.7481880288551985
Chad,TCD,2010,31.4,1240.00000953674,4.06023169,50.89,1.98194003105164,0.96399998664856,2.0,506975.65,8262666.88,1910734.73,5.704987100704953,6.917120243971004,6.281200397523929,3.093421688502359
Togo,TGO,2010,20.8,2630.00011444092,4.45492935,57.468,4.09635019302368,2.43199992179871,2.5,231107.15,2765905.69,972039.15,5.363813381902782,6.441837367743333,5.987683756990639,3.4199557673874987
Tanzania,TZA,2010,25.6,6909.99984741211,5.22392178,58.584,4.54169988632202,2.98600006103516,2.5,1325388.44,18104420.09,7111755.48,6.1223431783675695,7.257784618313675,6.851976816084726,3.8394780377840276
Benin,BEN,2011,7.9,4650.00009536743,3.09628272,59.59,4.39788007736206,2.65000009536743,3.5,366036.74,4426822.58,1584822.13,5.563524678778204,6.646092116496347,6.199980526935956,3.6674529617969536
Burkina Faso,BFA,2011,12.6,2460.00003814697,4.6486845,57.761,3.98515009880066,3.78500008583069,3.5,684298.08,9934204.66,3090218.4,5.835245321456818,6.997133102890239,6.4899891741054265,3.3909351138379393
Central African Republic,CAF,2011,29.6,189.999997615814,3.87377,47.95,1.10792005062103,5.61499977111816,2.5,378078.61,3600491.46,926514.7,5.577582107614469,6.5563617851557465,5.9668523141872845,2.278753595503151
Cameroon,CMR,2011,5.6,6809.99994277954,4.01686049,55.581,2.65336990356445,3.96499991416931,2.5,838416.29,10501727.96,3554344.44,5.923459707841442,7.021260763998545,6.550759511579313,3.833147108263662
Ethiopia,ETH,2011,20.9,7539.99996185303,4.46897888,62.505,5.48576021194458,2.31200003623962,3.0,2868780.28,30193812.97,11354780.29,6.4576972868874405,7.479917960564232,7.055178735230014,3.8773713436725568
Ghana,GHA,2011,6.1,11750.0,4.71008253,61.381,8.14097023010254,5.59600019454956,4.0,756012.61,8061889.11,4131445.02,5.878529039426794,6.906436820206724,6.616101977673489,4.0700378666077555
Kenya,KEN,2011,20.6,13029.9997329712,5.81170082,61.851,4.70012998580933,2.83699989318848,3.0,1114789.94,12528123.46,5394770.69,6.047193040932726,7.097886024545648,6.7319729892999005,4.114944406812421
Lesotho,LSO,2011,12.0,569.999992847443,9.56151676,46.207,8.16510009765625,26.2439994812012,3.5,166606.46,1215897.94,423405.45,5.2216918367344025,6.084897122671085,5.626756443881062,2.755874850222814
Madagascar,MDG,2011,27.3,2190.00005722046,4.43843079,63.836,2.38168001174927,2.44400000572205,2.5,539357.48,7002948.1,3370290.96,5.7318767060597,6.845280907732094,6.527667395490869,3.3404441261873923
Mali,MLI,2011,4.2,3119.99988555908,4.01483822,55.701,3.75423002243042,6.90000009536743,3.5,631356.62,10277501.22,2666047.9,5.800274738560569,7.011887537005706,6.425867947973116,3.4941545780886156
Mozambique,MOZ,2011,21.8,3349.99990463257,5.00311899,53.043,6.26040983200073,3.25500011444092,3.0,887184.64,14069832.25,3715014.37,5.948014014181469,7.1482889195148,6.569960497988824,3.5250447946733976
Mauritania,MRT,2011,8.3,2460.00003814697,2.47383666,62.799,2.33102011680603,9.85700035095215,2.5,105277.55,773874.33,453848.47,5.022335769565269,5.888670441020407,5.656910875703694,3.3909351138379393
Malawi,MWI,2011,13.7,930.000007152557,7.49375153,57.161,4.1526198387146,5.92000007629395,3.0,408466.55,6554340.48,2183126.5,5.6111564972326216,6.816528998038796,6.339078901380347,2.96848295189406
Rwanda,RWA,2011,34.3,680.000007152557,7.90435696,64.523,4.38598012924194,1.09899997711182,3.5,432341.51,2717789.79,1510703.76,5.6358269350443715,6.4342158627814925,6.179179310129381,2.8325089172743483
Senegal,SEN,2011,11.5,7570.00017166138,4.21416569,64.898,4.90302991867065,10.3599996566772,3.5,303726.52,3621193.52,1878086.5,5.482482714166597,6.558851734544265,6.273715590916014,3.8790958893483674
Sierra Leone,SLE,2011,24.4,740.000009536743,13.28134346,50.234,2.66890001296997,4.29400014877319,3.0,269043.49,3819282.92,1202219.09,5.429822487959237,6.581981830681195,6.079983619836088,2.8692317253279422
Chad,TCD,2011,26.0,1100.00002384186,3.91046619,51.424,2.25789999961853,1.0,2.0,508571.08,8347816.19,1960084.81,5.706351660296006,6.921572877797876,6.292274863049412,3.041392694571305
Togo,TGO,2011,19.4,2519.99998092651,4.55412006,58.092,4.3092999458313,1.98000001907349,2.5,233789.42,2681025.22,995472.41,5.368824853534182,6.428300899344803,5.99802922784831,3.4014005374944363
Tanzania,TZA,2011,24.2,8189.9995803833,5.05598497,59.525,3.55829000473022,3.47000002861023,3.0,1361380.27,17588670.86,7262892.15,6.133979452238743,7.245233021948793,6.861109595172323,3.9132838795092315
Benin,BEN,2012,7.6,4440.00005722046,3.41449857,59.842,3.56202006340027,2.47099995613098,3.5,379641.63,4431124.17,1640358.13,5.579373829382158,6.646513920103885,6.214938675427672,3.647382975711586
Burkina Faso,BFA,2012,12.2,2940.00005722046,4.60266972,58.374,3.60315990447998,3.91300010681152,3.5,735556.78,9914060.44,3235972.27,5.8666162029491975,6.9962515622066626,6.5100047913587815,3.4683473388647186
Central African Republic,CAF,2012,33.0,200.000002980232,3.94020414,48.638,1.98034727573395,5.5460000038147,2.5,368406.98,3538256.66,930466.58,5.56632784993623,6.548789332807406,5.968700778990443,2.3010300021354726
Cameroon,CMR,2012,5.2,6880.00011444092,4.0731349,56.073,2.60306000709534,3.82200002670288,2.5,847966.27,10257029.46,3654241.25,5.928378577440421,7.011021602888497,6.562797215727288,3.8375884454595024
Ethiopia,ETH,2012,19.4,8479.99954223633,4.53959608,63.281,5.56678009033203,2.28699994087219,3.0,2822539.39,28896006.08,11433835.45,6.45064001144387,7.460837820013193,7.05819193777582,3.9283958288128176
Ghana,GHA,2012,6.4,14609.9996566772,4.03214407,61.72,7.91913986206055,5.91099977493286,4.0,767848.3,7806557.59,4227053.48,5.885275427088135,6.892459567904976,6.626037742487634,4.164650205728739
Kenya,KEN,2012,19.8,12149.9996185303,5.61369753,62.659,4.93121004104614,2.83100008964539,3.0,1138229.44,12147734.03,5519886.52,6.056229814328182,7.084495274638402,6.7419301494240536,4.084576264298924
Lesotho,LSO,2012,14.8,620.000004768372,9.25281525,47.416,7.66605997085571,25.3689994812012,3.5,168314.52,1241929.83,432016.17,5.226121582903163,6.094097058558199,5.635500002394418,2.792391692838379
Madagascar,MDG,2012,29.4,2740.00000953674,3.82249737,64.28,2.34067010879517,0.600000023841858,2.5,554903.03,6906885.91,3444239.82,5.744217096248096,6.839282282259706,6.537093383454246,3.437750564331977
Mali,MLI,2012,3.9,3109.99989509583,3.7521615,56.135,3.47949004173279,6.65000009536743,3.0,670394.26,10357571.28,2733586.8,5.8263302871541445,7.0152579307614635,6.436732868665669,3.492760374377544
Mozambique,MOZ,2012,21.0,3680.0000667572,5.24640608,53.931,5.67216014862061,3.29800009727478,3.0,905584.98,14069305.36,3823496.66,5.95692921071123,7.148272655660323,6.582460715148931,3.5658478265518556
Mauritania,MRT,2012,7.9,2730.00001907349,2.64919353,63.079,2.15821003913879,9.85999965667725,2.5,108836.96,743968.61,469608.4,5.0367764026992,5.871554611901552,5.671735856640369,3.4361626500750093
Malawi,MWI,2012,14.0,949.999988079071,8.47898579,58.629,4.4235200881958,5.9520001411438,3.0,410318.43,6071111.0,2217410.86,5.613121024321392,6.783268173285863,6.345846170200161,2.97772359983917
Rwanda,RWA,2012,34.5,750.0,8.06890869,65.438,4.4235200881958,1.11800003051758,3.5,428090.7,2630183.99,1551004.86,5.631535793163548,6.419986129876382,6.190613158656851,2.8750612633917
Senegal,SEN,2012,11.9,7449.99980926514,4.26687956,65.448,4.77698993682861,9.4379997253418,3.5,297815.94,3579299.05,1886908.86,5.47394793877807,6.553797985157009,6.275750923718198,3.872156261629488
Sierra Leone,SLE,2012,24.3,860.000014305115,10.59041977,51.018,2.87204003334045,4.39799976348877,3.0,271775.55,3717277.13,1228975.45,5.43421038330998,6.570224939772959,6.089543207511335,2.934498458467559
Chad,TCD,2012,25.4,1860.00001430511,3.85607743,51.928,2.20615005493164,1.00600004196167,2.0,516302.81,8341857.37,2012701.21,5.7129044887198415,6.921262759958205,6.303779307685692,3.2695129475580402
Togo,TGO,2012,19.4,2240.00000953674,4.80786562,58.661,4.71920013427734,2.03399991989136,2.5,230228.19,2624143.03,1011255.29,5.362158499189036,6.4189875027489185,6.004860806473777,3.3502480201831597
Tanzania,TZA,2012,23.2,9869.99988555908,5.01779366,60.47,3.4709300994873,3.2279999256134,3.0,1393313.64,16794202.08,7477715.31,6.144048888706253,7.225159374626922,6.87376892676503,3.994317147634068
Benin,BEN,2013,7.5,4679.99982833862,2.85861206,60.092,3.3275101184845,2.28699994087219,3.5,380523.72,4454652.08,1680437.81,5.5803817337584505,6.648813790160406,6.2254224446403095,3.670245837144297
Burkina Faso,BFA,2013,11.8,3130.00011444092,5.56331158,58.937,4.08343982696533,4.04699993133545,3.5,780010.74,9832252.31,3405841.19,5.892100582550254,6.992653014654106,6.532224393504843,3.495544353425381
Central African Republic,CAF,2013,40.2,119.999997317791,4.95162487,49.371,2.6382143497467,5.51599979400635,2.5,673263.38,3487458.4,935570.39,5.828184993056332,6.542509035849195,5.971076468306951,2.0791812363403865
Cameroon,CMR,2013,5.2,7550.00019073486,3.78499365,56.576,2.6554799079895,3.67499995231628,2.5,871207.01,10125119.15,3764509.61,5.940121361228974,7.0054001425912045,6.575708410140422,3.877946962600724
Ethiopia,ETH,2013,17.7,10079.9999237061,4.07506514,63.961,4.4985499382019,2.25,3.0,2729926.96,27856067.8,11553683.41,6.436151027519399,7.44491981082129,7.062720462982633,4.003460528822401
Ghana,GHA,2013,6.6,15630.0001144409,4.62300539,62.064,4.57646989822388,6.20300006866455,4.0,785815.44,7640207.16,4330458.57,5.8953205577424255,6.883105134390498,6.636533888010538,4.193958981199037
Kenya,KEN,2013,19.5,14100.0003814697,5.51942158,63.419,4.83721017837524,2.80800008773804,3.0,1174955.78,11867652.04,5641066.58,6.070021522043184,7.074364804301084,6.75136122561725,4.149219124405039
Lesotho,LSO,2013,19.3,610.000014305115,9.5466814,48.663,7.29226016998291,24.5799999237061,3.5,168863.73,1252935.18,439624.29,5.227536378094411,6.097928603558801,5.643081679933288,2.7853298451954105
Madagascar,MDG,2013,33.0,2930.0000667572,3.73896837,64.713,1.77693998813629,0.995000004768372,2.0,557501.0,6833119.98,3509795.74,5.746245650723055,6.834619046391424,6.545281842513651,3.466867630249087
Mali,MLI,2013,3.7,3220.00002861023,3.96750712,56.578,3.28465008735657,6.34999990463257,3.0,730859.94,10595151.0,2800653.79,5.863834157924823,7.025107150570123,6.447259425715541,3.507855875554609
Mozambique,MOZ,2013,22.4,4199.99980926514,6.12555981,54.949,6.1153302192688,3.34200000762939,3.0,925715.99,13873504.92,3912747.4,5.966477765413188,7.1421861925169505,6.5924818115277795,3.6232492706752577
Mauritania,MRT,2013,7.9,2589.99991416931,2.86799884,63.366,2.29354000091553,9.95699977874756,2.5,111887.61,723629.75,478194.75,5.048781997104308,5.859516413349803,5.679604803777778,3.413299749689053
Malawi,MWI,2013,14.8,980.000019073486,11.57910728,59.931,5.41617012023926,5.94999980926514,2.5,405779.44,5709964.03,2242633.92,5.608290038456929,6.756633372410171,6.350758386601496,2.9912260841450555
Rwanda,RWA,2013,34.8,810.000002384186,6.74579239,66.219,4.7449197769165,1.15199995040894,3.5,409029.01,2380031.96,1555737.73,5.611754111029659,6.3765827889718265,6.191936384418323,2.908485020156969
Senegal,SEN,2013,12.0,8010.00022888184,4.38575172,65.939,5.68656015396118,8.57800006866455,3.5,305516.48,3473914.77,1943531.97,5.485034641681762,6.540819159139072,6.2885916889242655,3.9036325284939903
Sierra Leone,SLE,2013,25.4,1039.99996185303,11.56772041,51.731,2.37981009483337,4.51000022888184,3.0,278524.58,3559689.4,1253119.6,5.44486352800998,6.551412105346221,6.097992522822766,3.0170333233689544
Chad,TCD,2013,25.6,2190.00005722046,4.06645155,52.386,2.85070991516113,1.02900004386902,2.0,535850.59,8348645.12,2074392.68,5.729043713230124,6.921616000675053,6.316890971250103,3.3404441261873923
Togo,TGO,2013,19.4,1750.0,4.94373512,59.16,4.42364978790283,2.08899998664856,2.5,229444.19,2568922.36,1026225.01,5.360677064938124,6.409750978873935,6.011242594584262,3.2430380486862944
Tanzania,TZA,2013,22.7,10810.0004196167,4.64643383,61.398,3.35795998573303,2.9300000667572,3.0,1418615.33,15987629.6,7651634.66,6.151864648659583,7.203784078008163,6.883754225739233,4.0338257108115165
Benin,BEN,2014,7.4,5190.00005722046,2.66743827,60.345,3.161789894104,2.13299989700317,3.5,382478.94,4477933.5,1713228.66,5.582607527088097,6.651077639757194,6.233815330945021,3.7151673626366137
Burkina Faso,BFA,2014,11.8,3180.0000667572,5.00026941,59.45,4.05329990386963,4.18800020217896,3.5,820466.59,9683414.06,3543233.67,5.914060900960031,6.986028502557435,6.5493997942313555,3.502427129101503
Central African Republic,CAF,2014,47.9,129.999995231628,4.91660213,50.129,2.22015333175659,5.52899980545044,2.5,741570.76,3412716.46,936532.5,5.870152597321712,6.5331002071263695,5.9715228530681745,2.1139433363770084
Cameroon,CMR,2014,5.3,8250.0,3.95117664,57.083,2.58396005630493,3.52999997138977,2.5,960420.26,9975235.58,3854031.9,5.98246131289415,6.998923160988953,6.585915305009792,3.916453948549925
Ethiopia,ETH,2014,15.9,12340.0001525879,4.03363609,64.547,4.60201978683472,2.26200008392334,3.0,2743703.69,26644753.5,11853944.35,6.438337207345763,7.425611706784287,7.073862884051587,4.0913151650674076
Ghana,GHA,2014,7.1,15090.0001525879,4.10044813,62.416,4.39978981018066,6.52400016784668,3.5,813168.55,7454029.49,4467086.86,5.910180573574485,6.872391106598521,6.6500243971667,4.178689244167113
Kenya,KEN,2014,19.6,15149.9996185303,5.4593358,64.135,4.7172999382019,2.79500007629395,3.0,1144149.55,11611948.93,5765346.72,6.058482794120388,7.064905117112446,6.7608254302872455,4.180412621902998
Lesotho,LSO,2014,26.1,610.000014305115,9.17449284,49.891,7.19859981536865,24.2210006713867,3.0,170333.19,1255235.49,445592.04,5.231299279961615,6.098725209811886,5.64893742405312,2.7853298451954105
Madagascar,MDG,2014,37.6,3009.99999046326,4.42833662,65.133,2.3812301158905,1.38999998569489,2.5,583329.37,6703446.7,3594928.09,5.765913843235814,6.82629816059634,6.555690207534328,3.4785664942178456
Mali,MLI,2014,3.6,3380.00011444092,4.48156309,57.036,3.64819002151489,6.38000011444092,3.0,691349.01,10693305.91,2886516.86,5.83969734527835,7.029111991131464,6.460374098534314,3.52891671498211
Mozambique,MOZ,2014,25.7,4860.0001335144,6.33231783,56.062,6.87632989883423,3.38299989700317,3.0,931664.25,13402161.27,3989934.61,5.9692594309771705,7.1271748395549555,6.600965778205826,3.686636281193274
Mauritania,MRT,2014,8.0,2900.00009536743,3.46724391,63.654,4.83983993530273,10.0509996414185,3.0,106649.7,717445.72,476925.8,5.027959638139617,5.855789049104693,5.678450816865735,3.462398012180869
Malawi,MWI,2014,15.4,850.000023841858,9.71205044,61.042,4.83983993530273,5.89799976348877,2.5,405444.72,5453776.36,2275648.62,5.607931649088368,6.736697325096389,6.357105204042886,2.9294189378959246
Rwanda,RWA,2014,35.1,860.000014305115,6.95749235,66.884,4.19878005981445,1.16999995708466,3.5,416658.4,2283131.49,1604944.25,5.619780141800397,6.358530924077615,6.205459951172119,2.934498458467559
Senegal,SEN,2014,11.8,8569.99969482422,4.39605808,66.37,5.72021007537842,7.64599990844727,3.5,328669.46,3317058.41,2045935.25,5.516759351268499,6.520753119067671,6.310891884990667,3.932980806458069
Sierra Leone,SLE,2014,25.0,1149.99997615814,19.72741699,52.372,2.66291999816895,4.67999982833862,3.0,281476.52,3730231.5,1278082.77,5.449442173042655,6.571735785174034,6.10655898010585,3.060697831349796
Chad,TCD,2014,27.0,2259.99999046326,4.27316856,52.789,2.59999990463257,1.0460000038147,2.5,543497.87,8362977.31,2123729.73,5.735197846400125,6.9223609184809325,6.327099246760605,3.3541084373147667
Togo,TGO,2014,20.2,1590.0000333786,5.07536507,59.58,4.78455018997192,2.14499998092651,2.5,238396.33,2488549.27,1054239.77,5.377299565359236,6.395946243624265,6.022939395454882,3.2013971334375215
Tanzania,TZA,2014,22.5,10710.000038147,4.01492023,62.288,3.38488006591797,2.11999988555908,3.0,1381519.43,15573574.0,7664356.39,6.140356997310759,7.1923882908186085,6.884475691087683,4.029789472378731
Benin,BEN,2015,7.3,5510.00022888184,2.90741682,60.608,3.17298007011414,2.00699996948242,3.5,403246.09,4438452.55,1776280.17,5.605570165026513,6.647231581345228,6.249511467460928,3.741151616892097
Burkina Faso,BFA,2015,12.0,3700.00004768372,5.13192463,59.919,3.67008996009827,4.32100009918213,3.5,869232.53,9505462.1,3715389.89,5.939135970910266,6.97797323457357,6.570004394998536,3.5682017296639614
Central African Republic,CAF,2015,49.9,189.999997615814,5.0343523,50.881,1.91022861003876,5.60599994659424,2.5,430688.65,3311386.42,946013.03,5.634163426888397,6.520009863410326,5.975897118239137,2.278753595503151
Cameroon,CMR,2015,5.4,8460.00003814697,3.74879193,57.583,2.65791988372803,3.55100011825562,2.5,993628.09,9747538.12,3906695.46,5.997223860569579,6.98889494227226,6.591809557834346,3.9273703649973
Ethiopia,ETH,2015,14.8,12890.0003433228,3.82317114,65.048,4.73791980743408,2.2739999294281,3.0,2738822.83,25713232.62,12011987.27,6.437563939358016,7.410156678773392,7.079614863272891,4.110252928920757
Ghana,GHA,2015,7.7,15779.9997329712,4.62171459,62.772,4.4340500831604,6.80999994277954,3.5,855628.63,7313162.89,4611697.34,5.932285307974048,6.86410524680594,6.6638607973475015,4.198106991524281
Kenya,KEN,2015,21.5,17209.9990844727,5.21938562,64.798,4.74350023269653,2.77699995040894,3.0,1157115.86,11220647.59,5880993.92,6.063376846280613,7.050017922574998,6.769450730411761,4.2357808472242215
Lesotho,LSO,2015,30.3,649.999976158142,8.99539375,51.038,9.0,23.8409996032715,3.0,171049.25,1220944.95,448728.27,5.233121174273344,6.086696082904587,5.651983431062497,2.8129133407130285
Madagascar,MDG,2015,40.2,3279.99997138977,4.97224474,65.539,2.21011996269226,1.78999996185303,2.5,577487.78,6588260.75,3673974.47,5.761542798720512,6.818770779332747,6.565136134120947,3.5158738399234886
Mali,MLI,2015,3.4,3650.00009536743,4.11143351,57.509,3.80152010917664,7.73000001907349,3.0,734243.79,10713095.47,3002249.94,5.865840282086036,7.029914975155088,6.477446844817425,3.562292875803748
Mozambique,MOZ,2015,29.7,5519.99998092651,6.7166338,57.206,6.01082992553711,3.4300000667572,2.5,956260.3,12955070.5,4054041.84,5.980576126027371,7.1124397807087725,6.6078882265443,3.741939076228563
Mauritania,MRT,2015,8.3,3559.99994277954,3.67363763,63.936,5.60866022109985,10.1379995346069,3.0,106015.29,698992.14,485736.86,5.025368505677543,5.844472292235209,5.686401061033676,3.5514499909923893
Malawi,MWI,2015,16.0,930.000007152557,9.33334064,61.953,5.60866022109985,5.86399984359741,2.5,425979.48,5286826.68,2318005.94,5.62938867906185,6.7231950730014,6.365114544529181,2.96848295189406
Rwanda,RWA,2015,35.3,980.000019073486,6.62107325,67.45,3.64915990829468,1.14800000190735,3.5,419560.12,2270928.85,1647263.74,5.622794200953727,6.356203527642701,6.216763138730604,2.9912260841450555
Senegal,SEN,2015,10.7,9289.99996185303,4.38257313,66.747,5.45637989044189,6.76000022888184,3.5,331271.48,3264833.98,2091107.35,5.520184047980411,6.513861101873552,6.320376328521125,3.9680157122103243
Sierra Leone,SLE,2015,25.8,910.000026226044,20.413414,52.941,3.05729007720947,4.74200010299683,3.0,276914.76,3511791.97,1292235.02,5.44234610495364,6.545528781449052,6.111341506388928,2.959041404837386
Chad,TCD,2015,28.0,2390.00010490417,4.52395439,53.137,2.40000009536743,1.07099997997284,2.5,594022.47,8317417.06,2194597.11,5.773802873284961,6.919988478844867,6.341354802954529,3.378397920010607
Togo,TGO,2015,20.5,1830.00004291534,4.9564662,59.927,5.10860013961792,2.20000004768372,2.5,236202.63,2405029.12,1081590.89,5.373284728959666,6.381120339162553,6.034063020646939,3.2624510999150718
Tanzania,TZA,2015,22.5,11689.9995803833,3.64969921,63.111,4.19486999511719,2.14299988746643,3.0,1446560.26,15042934.66,7895135.19,6.160336529957989,7.17733256912246,6.8973595709204165,4.067814495572685
Benin,BEN,2016,7.6,6739.99977111816,2.73950028,60.885,2.89910006523132,1.82799994945526,3.5,410687.18,4413077.11,1823980.36,5.613511146140341,6.644741515970855,6.261020157682339,3.8286598817872304
Burkina Faso,BFA,2016,12.3,3700.00004768372,5.95963097,60.354,1.75408899784088,4.43400001525879,3.5,926993.85,9357345.94,3878145.25,5.967076852893231,6.971152685590503,6.58862407088301,3.5682017296639614
Central African Republic,CAF,2016,48.6,209.999993443489,5.44400311,51.593,1.75408899784088,5.65199995040894,2.5,422223.77,3228300.21,956539.23,5.625542679206707,6.508973914366024,5.98070278620142,2.3222192811746023
Cameroon,CMR,2016,5.9,9079.99992370605,3.72950816,58.063,2.56234002113342,3.57500004768372,2.5,972488.42,9324693.48,4022546.32,5.987884438624951,6.969634564648819,6.604501053741752,3.9580858448719614
Ethiopia,ETH,2016,14.4,14970.0002670288,3.60033059,65.482,5.06151008605957,2.28800010681152,3.0,2851050.31,24764043.94,12236105.64,6.455004880993292,7.393821565930538,7.0876432177953985,4.175221808089821
Ghana,GHA,2016,7.7,16069.9996948242,3.46157742,63.124,4.39452981948853,5.52699995040894,3.0,878314.83,7111442.22,4761360.78,5.943650215705326,6.85195768577489,6.67773109028082,4.206015868515917
Kenya,KEN,2016,23.3,19110.0006103516,5.14090776,65.393,4.89518022537231,2.75999999046326,3.0,1149212.57,10802501.3,6013473.15,6.06040036762602,7.033524327247354,6.779125376197054,4.281260700925883
Lesotho,LSO,2016,32.0,689.999997615814,8.75972462,52.059,7.76074981689453,23.4750003814697,3.0,169438.9,1145360.63,446822.92,5.229013123325964,6.0589422508328274,5.650135442362601,2.838849089236619
Madagascar,MDG,2016,41.6,3180.0000667572,5.25697422,65.931,2.68719005584717,1.80499994754791,2.5,576993.67,6469074.71,3759391.31,5.7611710486858,6.810842166746205,6.575117533196866,3.502427129101503
Mali,MLI,2016,3.1,4670.00007629395,3.77377391,57.987,3.09477996826172,7.57000017166138,3.0,785125.44,10541209.83,3201311.76,5.894939049799512,7.0228904583471286,6.505327970006271,3.669316887661196
Mozambique,MOZ,2016,31.5,7280.00020980835,7.17241096,58.309,5.86503982543945,3.44700002670288,2.5,950629.37,12607178.23,4099490.25,5.978011227833654,7.100617892578247,6.612729857847687,3.862131391829329
Mauritania,MRT,2016,8.5,3259.99999046326,3.09649324,64.208,1.94405996799469,10.2609996795654,3.0,103368.87,682418.58,488427.71,5.014389768711893,5.834050842722221,5.688800294827955,3.5132175987974623
Malawi,MWI,2016,16.1,1120.00000476837,10.87966633,62.681,4.74856996536255,5.81699991226196,2.5,408325.5,5189008.69,2355866.72,5.611006502537444,6.7150843980057555,6.372150717182196,3.049218024519179
Rwanda,RWA,2016,34.9,1159.9999666214,6.92619371,67.93,3.4367299079895,1.14400005340576,3.5,436845.54,2263839.34,1686311.3,5.640327906115591,6.354845602627871,6.22693775023688,3.0644579767302442
Senegal,SEN,2016,9.5,10130.0001144409,4.26078129,67.078,5.11309003829956,4.46000003814697,3.5,340945.55,3175625.12,2155535.42,5.532685026433221,6.50182922866542,6.33355516362422,4.005609450266603
Sierra Leone,SLE,2016,25.9,930.000007152557,16.5259552,53.444,3.06023001670837,4.66300010681152,3.0,279141.79,3307688.86,1314401.46,5.445824859089081,6.519524650596265,6.118728032829312,2.96848295189406
Chad,TCD,2016,28.5,2210.00003814697,5.05077505,53.438,2.29999995231628,1.10399997234344,2.5,566362.83,8354586.23,2256107.35,5.753094743171122,6.921924945853878,6.353359760383753,3.344392281181499
Togo,TGO,2016,21.2,2299.99995231628,5.35245514,60.22,3.6864900588989302,2.96600008010864,2.5,241851.57,2294813.98,1114774.54,5.383548910993126,6.360747486939165,6.047187041433648,3.361727827013777
Tanzania,TZA,2016,22.7,11199.9998092651,3.9635036,63.844,4.10197019577026,2.15799999237061,3.0,1460702.22,14726558.92,8051900.37,6.1645616893141755,7.1681012793177485,6.905898392517297,4.049218015274189
Benin,BEN,2017,7.9,6869.99988555908,2.61910868,61.174,3.53558993339539,1.64400005340576,3.5,415779.0,4364456.64,1868698.83,5.618862550376798,6.6399301832218125,6.271539313680333,3.8369567298250438
Burkina Faso,BFA,2017,12.4,4269.99998092651,6.02940798,60.768,5.62846994400024,4.56300020217896,3.5,958167.58,9229332.69,4017993.4,5.981441472235653,6.965170301293786,6.60400921903594,3.6304278730850914
Central African Republic,CAF,2017,46.1,219.999998807907,6.6654377,52.24,1.75365018844604,5.64799976348877,2.5,518597.96,3141782.06,970329.56,5.714830804059855,6.497176055490025,5.986919261875763,2.342422678468936
Cameroon,CMR,2017,6.6,9170.00007629395,3.49216461,58.511,3.05962991714478,3.59999990463257,2.5,967929.8,8910577.79,4098811.04,5.985843860843343,6.949905865975476,6.6126578972926175,3.9623693392833297
Ethiopia,ETH,2017,15.7,15819.9996948242,3.45336151,65.872,5.64951992034912,2.29900002479553,3.0,2836330.73,23661556.53,12572982.27,6.452756870319015,7.374043310459071,7.0994383031263535,4.199206470783897
Ghana,GHA,2017,7.1,17010.0002288818,3.35796332,63.463,3.53362989425659,4.21999979019165,3.5,892797.03,6911805.68,4884650.97,5.950752736861473,6.839591519793461,6.688833536894406,4.230704319456314
Kenya,KEN,2017,25.1,18979.9995422363,4.1409831,65.909,4.96308994293213,3.51300001144409,3.0,1193374.2,10403164.84,6175311.76,6.076776644435888,7.017165480015761,6.7906588877988945,4.278296197616866
Lesotho,LSO,2017,29.5,699.999988079071,10.08778667,52.947,8.15688991546631,23.2000007629395,3.0,168813.85,1074969.92,445954.55,5.2274080745871725,6.031396311916008,5.649290599317491,2.845098032618266
Madagascar,MDG,2017,42.3,3470.00002861023,4.84431553,66.311,2.70137429237366,1.82299995422363,2.5,590791.34,6324134.17,3854013.73,5.771434120665338,6.801001075155257,6.585913257504856,3.5403294783716417
Mali,MLI,2017,3.1,5179.99982833862,3.67425632,58.452,3.78976988792419,7.40999984741211,3.0,861303.54,10455713.77,3330760.45,5.935156232191562,7.019353685722924,6.522543399132431,3.714329745353034
Mozambique,MOZ,2017,31.4,7210.00003814697,7.75916147,59.309,5.50555992126465,3.45099997520447,2.5,945027.37,12304175.53,4155584.34,5.975444386782106,7.0900525180983385,6.618632100994814,3.8579352670172127
Mauritania,MRT,2017,8.5,3490.00000953674,3.33722878,64.464,4.03133010864258,10.3400001525879,3.0,105846.74,654014.08,500493.04,5.0246774866179384,5.8155870981721,5.699398042433497,3.5428254281459286
Malawi,MWI,2017,16.6,1190.00005722046,10.88755989,63.279,4.03133010864258,5.76000022888184,2.5,406598.03,4948217.64,2389662.76,5.609165270115591,6.694448793174616,6.378336615673978,3.0755469822753287
Rwanda,RWA,2017,34.7,1190.00005722046,6.38999128,68.341,3.12646007537842,1.13699996471405,3.5,419208.85,2209880.19,1722618.61,5.6224304425481755,6.344368728783596,6.236189134727735,3.0755469822753287
Senegal,SEN,2017,8.5,9800.00019073486,3.99707484,67.38,4.62496995925903,3.69000005722046,3.5,344250.34,3144770.08,2177014.17,5.536874377861571,6.497588898863192,6.337861255836125,3.9912260841450555
Sierra Leone,SLE,2017,27.2,939.999997615814,9.39976025,53.895,4.66096019744873,4.66300010681152,3.0,370362.06,3212165.46,1345818.13,5.5686264910321,6.50679790787508,6.128986374543162,2.973127852498168
Chad,TCD,2017,29.1,2150.00009536743,4.55722904,53.712,2.45481991767883,1.11899995803833,2.5,583681.28,8435895.84,2323389.14,5.766175764711439,6.926131208763928,6.366121955043903,3.332438479179581
Togo,TGO,2017,21.0,2069.9999332428,6.49387741,60.489,3.7605299949646,3.74000000953674,3.0,247347.61,2173030.66,1146840.78,5.393307718343514,6.33706585396658,6.059503127432877,3.3159703314509836
Tanzania,TZA,2017,23.0,11829.9999237061,4.08257437,64.479,4.4305100440979,2.17700004577637,3.0,1483112.46,14333067.67,8207830.3,6.171174083533887,7.156339151288602,6.91422836865767,4.072984741827083
Benin,BEN,2018,8.1,7420.00007629395,2.50416446,61.47,2.93161988258362,1.47000002861023,3.5,407410.44,4288970.49,1878390.43,5.6100321537174045,6.632353058112645,6.273785866935079,3.8704039097445313
Burkina Faso,BFA,2018,12.7,4670.00007629395,4.90988731,61.174,5.488609790802,4.69000005722046,3.5,982292.59,9144973.44,4134304.64,5.99224086792517,6.961182448480758,6.6164024748545005,3.669316887661196
Central African Republic,CAF,2018,46.8,230.000004172325,10.99530983,52.805,1.56587600708008,5.60500001907349,2.5,422377.57,3068867.31,985014.99,5.625700847300675,6.486978111051374,5.993442839659792,2.3617278438959306
Cameroon,CMR,2018,6.9,9590.00015258789,3.46510625,58.921,3.03096008300781,3.61700010299683,2.5,1025036.88,8527449.18,4187538.6,6.010739491237972,6.930819139875232,6.621958823314093,3.9818186140807863
Ethiopia,ETH,2018,18.2,17239.9997711182,3.30818701,66.24,5.06867980957031,2.31800007820129,3.0,2880294.65,22770405.22,12862187.57,6.459436917732688,7.357370759347863,7.109314838633625,4.236537255722911
Ghana,GHA,2018,6.2,18680.0003051758,3.48865867,63.78,3.8861300945282,4.27600002288818,3.5,866262.23,6647801.59,4906354.3,5.937649379087707,6.822678049035075,6.690758906483314,4.271376878989158
Kenya,KEN,2018,24.7,17489.9997711182,4.30564117,66.342,5.10761976242065,4.24900007247925,3.0,1197549.71,10118595.59,6341455.2,6.078293549920101,7.005120238804294,6.802188928672328,4.242789803795309
Lesotho,LSO,2018,28.7,730.000019073486,10.90125179,53.705,7.28535985946655,22.8129997253418,3.0,169577.15,1037925.42,448950.43,5.229367332015797,6.016166148458383,5.652198391858759,2.8633228714677292
Madagascar,MDG,2018,44.3,3349.99990463257,4.19787312,66.681,2.84409999847412,1.84300005435944,2.5,596802.28,6206243.91,3952185.36,5.7758304736293695,6.792828839679586,6.596837305079903,3.5250447946733976
Mali,MLI,2018,3.4,5469.99979019165,3.73249865,58.893,3.90556502342224,7.42799997329712,3.0,959531.67,10432991.12,3408505.59,5.982059313494895,7.0184088377341585,6.532564010584486,3.7379873096755496
Mozambique,MOZ,2018,31.0,6949.99980926514,8.09185696,60.163,5.45218992233276,3.45600008964539,2.5,968964.87,12028210.96,4239750.86,5.986308031909677,7.080201036485385,6.627340336945036,3.841984792671395
Mauritania,MRT,2018,8.6,3690.00005722046,3.57909012,64.704,3.32295989990234,10.3850002288818,3.0,103300.08,640828.86,504601.56,5.014100657855972,5.806742062153136,5.702948588825917,3.567026372893621
Malawi,MWI,2018,16.8,1379.99999523163,9.82898998,63.798,3.32295989990234,5.75799989700317,2.5,414839.88,4705368.89,2456336.86,5.617880499962451,6.6725936767773755,6.390287925338523,3.1398790849006013
Rwanda,RWA,2018,34.7,1289.99996185303,6.6816082,68.7,3.07375001907349,1.11099994182587,3.5,431008.59,2101015.45,1778540.73,5.6344859257348014,6.322429246039972,6.250063815325399,3.1105896974565987
Senegal,SEN,2018,7.8,10180.0003051758,4.23825741,67.665,4.85822010040283,3.27500009536743,3.5,336993.39,3019433.1,2179622.92,5.527621382430155,6.479925411615239,6.338381366114613,4.00774779102001
Sierra Leone,SLE,2018,27.7,860.000014305115,8.28987408,54.309,6.98963022232056,4.65999984741211,3.0,289937.47,3111854.64,1377250.05,5.462304344926133,6.493019302160743,6.139012796812085,2.934498458467559
Chad,TCD,2018,30.3,2190.00005722046,4.1669445,53.977,2.25947999954224,1.12999999523163,2.5,614004.43,8464996.51,2393364.23,5.788171504557478,6.927626783391434,6.379008795998361,3.3404441261873923
Togo,TGO,2018,20.7,2309.99994277954,6.08747768,60.76,4.04394006729126,3.72900009155273,3.0,245884.96,2072528.42,1165497.78,5.3907319651406365,6.31650049462137,6.066511450628223,3.363611969134339
Tanzania,TZA,2018,23.3,12000.0,4.15363026,65.015,3.69643998146057,2.20600008964539,2.5,1489983.48,13717505.82,8338480.23,6.173181453254815,7.137275153128613,6.921086903411195,4.079181246047625
Benin,BEN,2019,7.7,7300.00019073486,2.38842916,61.771,2.96519994735718,1.47000002861023,3.5,408200.59,4206673.34,1914911.63,5.610873628095777,6.623938789140008,6.282148736796074,3.8633228714677292
Burkina Faso,BFA,2019,14.1,5000.0,5.46494246,61.577,5.69684505462646,4.69299983978271,3.5,1033604.87,9132747.88,4202706.27,6.014354546905986,6.960601468615157,6.6235290379293295,3.6989700043360187
Central African Republic,CAF,2019,49.2,239.999994635582,7.75300884,53.283,1.76871228218079,5.6230001449585,2.5,388818.06,3014630.66,1000223.98,5.589746429032489,6.47923411178315,6.000097262386048,2.380211232004368
Cameroon,CMR,2019,6.7,9430.00030517578,3.59539533,59.292,3.08087658882141,3.63800001144409,2.5,965883.2,8291011.16,4275622.09,5.984924612272249,6.918607499721409,6.630999312186722,3.9745117067920637
Ethiopia,ETH,2019,21.9,18360.0006103516,3.23808599,66.597,4.97439002990723,2.32599997520447,3.0,2810543.91,22129553.05,13114232.55,6.448790374799471,7.344972642581625,7.11774288058765,4.263872691302714
Ghana,GHA,2019,5.2,20040.0009155273,3.41858864,64.074,4.97439002990723,4.31599998474121,3.5,864675.09,6428231.58,4992952.6,5.936852947779402,6.808091514031644,6.6983574431518145,4.301897737035949
Kenya,KEN,2019,25.6,22280.0006866455,4.59182692,66.699,4.97439002990723,5.01000022888184,3.0,1184580.73,9981772.22,6514141.14,6.073564663538138,6.9992076552189655,6.813857164062924,4.347915199886177
Lesotho,LSO,2019,31.2,769.999980926514,11.26946354,54.331,7.99171209335327,22.4400005340576,3.0,170550.1,1023104.35,454034.4,5.231851978386837,6.009919931188216,5.657088758505138,2.886490714414677
Madagascar,MDG,2019,47.4,4119.99988555908,3.68728375,67.041,2.99485874176025,1.85699999332428,2.5,596008.21,6084479.07,4045294.79,5.7752522421783885,6.784223401512845,6.606950175146176,3.6148972039697704
Mali,MLI,2019,5.6,5829.99992370605,3.89389849,59.306,3.48410224914551,7.44199991226196,3.0,917064.7,10446688.28,3483913.85,5.962399976740634,7.018978635933173,6.542067407262088,3.765668549075645
Mozambique,MOZ,2019,31.8,7500.0,7.83351135,60.854,6.0844202041626,3.46600008010864,2.5,1032743.51,11750994.35,4386537.55,6.01399247444984,7.070074617454286,6.642121851393886,3.8750612633917
Mauritania,MRT,2019,9.2,3950.00004768372,3.30329728,64.925,1.82437002658844,10.3929996490479,3.0,102403.25,626351.46,512329.29,5.010313740181492,5.796818094083463,5.709549185315637,3.5965971008691886
Malawi,MWI,2019,17.6,1450.00004768372,7.39341164,64.263,3.71131992340088,5.7519998550415,2.5,421938.54,4566247.69,2516337.99,5.625249195789313,6.659559465516605,6.400768974346125,3.1613680165168896
Rwanda,RWA,2019,35.2,1330.00004291534,6.41066742,69.024,3.23707413673401,1.09800004959106,3.5,423894.53,2049319.36,1822418.0,5.627257812401806,6.311609642870773,6.260647996277425,3.1238516549805406
Senegal,SEN,2019,7.4,10619.9998855591,4.13226938,67.941,5.34887504577637,2.85999989509583,3.5,334986.7,2919710.61,2219121.17,5.525027564555435,6.465339808055136,6.346181016529284,4.026124512065502
Sierra Leone,SLE,2019,27.9,899.999976158142,8.74976635,54.696,7.4470100402832,4.64900016784668,3.0,290513.5,3050253.71,1399862.43,5.463166318617155,6.484335964025629,6.146085357944301,2.95424249793445
Chad,TCD,2019,31.7,2250.0,4.3536315,54.239,2.37245988845825,1.12300002574921,2.5,626720.09,8496915.83,2459705.38,5.797073616570558,6.929261316176145,6.390883091045291,3.3521825181113627
Togo,TGO,2019,20.1,2369.99988555908,5.72606897,61.042,4.06914329528809,3.71900010108948,3.0,246081.26,1992666.23,1190315.76,5.391078541827637,6.299434560813671,6.075662183774968,3.374748325039192
Tanzania,TZA,2019,23.4,12449.9998092651,3.82769322,65.456,3.59683632850647,2.22199988365173,3.0,1478236.12,13341065.72,8469064.37,6.169743809852298,7.125190523570669,6.92783543377927,4.095169344778332
